<?xml version="1.0" encoding="ISO-8859-1"?>
<!DOCTYPE metadata SYSTEM "http://www.fgdc.gov/metadata/fgdc-std-001-1998.dtd">
<metadata>
	<idinfo>
		<citation>
			<citeinfo>
				<origin>Minnesota Population Center</origin>
				<pubdate>04022007</pubdate>
				<title>5% Public Use Microdata Areas for the 1990 Census of Population and Housing</title>
				<geoform Sync="TRUE">vector digital data</geoform>
				<onlink>http://www.ipums.org</onlink>
				<ftname Sync="TRUE">POPGIS.us90_5_aea</ftname></citeinfo>
		</citation>
		<descript>
			<abstract>This boundary file depicts the Public Use Microdata Areas (PUMA) used for the 5-percent Public Use Microdata Sample from the 1990 Census of Population and Housing. The boundary file was created by the Minnesota Population Center as part of the Integrated Public Use Microdata Samples (IPUMS) project.

The PUMAs contained in this file were created from the UA Census 2000 TIGER/Line files. They were verified against publicly available microdata. All PUMAs listed in the microdata are in the boundary file, and all PUMAs in the boundary file are listed in the microdata.</abstract>
			<purpose>These data are based upon work supported by the National Institutes for Health (NIH) under Grant No. HD-043392. Its purpose is to provide historical census microdata and PUMA/county group maps for the United States.  The user should always verify actual data and exercise their own professional judgment when interpreting any outcomes.</purpose>
			<supplinf>Public Use Microdata Areas (PUMAs) are geographic areas for which the U.S. Census Bureau provides extracts from a sample of the long-form census records. PUMAs representing the 5% public use microdata sample have a minimum population threshold of 250,000.</supplinf>
			<langdata Sync="TRUE">en</langdata></descript>
		<timeperd>
			<timeinfo>
				<sngdate>
					<caldate>1990</caldate>
				</sngdate>
			</timeinfo>
			<current>publication date</current>
		</timeperd>
		<status>
			<progress>In work</progress>
			<update>As needed</update>
		</status>
		<spdom>
			<bounding>
				<westbc Sync="TRUE">-127.887285</westbc>
				<eastbc Sync="TRUE">-65.345793</eastbc>
				<northbc Sync="TRUE">51.604785</northbc>
				<southbc Sync="TRUE">22.871934</southbc>
			</bounding>
			<lboundng><leftbc Sync="TRUE">-2356113.742640</leftbc><rightbc Sync="TRUE">2258224.809884</rightbc><bottombc Sync="TRUE">-1337508.084222</bottombc><topbc Sync="TRUE">1565781.659158</topbc></lboundng></spdom>
		<keywords>
			<theme>
				<themekt>REQUIRED: Reference to a formally registered thesaurus or a similar authoritative source of theme keywords.</themekt>
				<themekey>Public Use Microdata Area</themekey>
				<themekey>PUMA</themekey>
				<themekey>Public Use Microdata Sample</themekey>
				<themekey>PUMS</themekey>
				<themekey>Census 1990</themekey>
				<themekey>census of population and housing</themekey>
			</theme>
			<place>
				<placekey>United States of America</placekey>
				<placekey>United States</placekey>
				<placekey>USA</placekey>
			</place>
		</keywords>
		<accconst>All persons are granted a limited license to use and distribute this documentation and the available data, subject to the use constraints.</accconst>
		<useconst>No fee may be charged for use or distribution.
Publications and research reports based on the database must cite it appropriately:

Steven Ruggles, Matthew Sobek, Trent Alexander, Catherine A. Fitch, Ronald Goeken, Patricia Kelly Hall, Miriam King, and Chad Ronnander.  Integrated Public Use Microdata Series: Version 3.0 [Machine-readable database]. Minneapolis, MN: Minnesota Population Center [producer and distributor], 2004.

Users are requested to send a copy of any publications, research reports, or educational material making use of the data or documentation. Printed matter should be sent to:

IPUMS
Minnesota Population Center
University of Minnesota
50 Willey Hall
225 19th Ave S
Minneapolis MN 55455</useconst>
		<ptcontac>
			<cntinfo>
				<cntperp>
					<cntper>Trent Alexander</cntper>
					<cntorg>Minnesota Population Center</cntorg>
				</cntperp>
				<cntpos>Research Associate</cntpos>
				<cntaddr>
					<addrtype>mailing and physical address</addrtype>
					<address>50 Willey Hall</address>
					<address>225 19th Ave S</address>
					<city>Minneapolis</city>
					<state>MN</state>
					<postal>55455</postal>
				</cntaddr>
				<cntvoice>612-626-3927</cntvoice>
				<cntfax>612-626-8375</cntfax>
				<cntemail>jta@pop.umn.edu</cntemail>
			</cntinfo>
		</ptcontac>
		<native Sync="TRUE">Microsoft Windows XP Version 5.1 (Build 2600) Service Pack 2; ESRI ArcCatalog 9.0.0.535</native>
		<natvform Sync="TRUE">SDE Feature Class</natvform></idinfo>
	<dataqual>
		<attracc>
			<attraccr>All Public Use Microdata Area idenfication values were checked against values published in the microdata to ensure accuracy and consistency. Every PUMA ID in this boundary file has a corresponding ID in the microdata, and every ID in the microdata has a corresponding ID in the boundary file.</attraccr>
		</attracc>
		<logic>All spatial data have been reviewed to assure topological consistency and completeness. Polygon and chain-node topology is present in the underlying data. All polygons close and do not overlap.</logic>
		<complete>PUMAs that include part of the following bodies of water - the Great Lakes, Atlantic Ocean, Gulf of Mexico, and the Pacific Ocean - do not have accurate, historical coastlines.</complete>
		<lineage>
			<srcinfo>
				<srccite>
					<citeinfo>
						<origin>U.S. Census Bureau</origin>
						<title>UA Census 2000 TIGER/Line files [machine-readable data files]</title>
						<pubinfo>
							<pubplace>Washington, D.C.</pubplace>
							<publish>U.S. Government Printing Office</publish>
						</pubinfo>
						<onlink>http://www.census.gov/geo/www/tiger/tiger2k/othertgr.html</onlink>
					</citeinfo>
				</srccite>
				<srcscale>various</srcscale>
				<typesrc>online</typesrc>
				<srctime>
					<timeinfo>
						<sngdate>
							<caldate>062002</caldate>
						</sngdate>
					</timeinfo>
					<srccurr>publication date</srccurr>
				</srctime>
			</srcinfo>
			<srcinfo>
				<srccite>
					<citeinfo>
						<origin>Minnesota Population Center</origin>
						<title>1990 PUMA Composition - 5% state sample</title>
						<onlink>ftp://ftp.ipums.org/ipums/user_guide/1990_PUMAs_5pct.xls</onlink>
					</citeinfo>
				</srccite>
				<typesrc>online</typesrc>
			</srcinfo>
			<procstep>
				<procdesc>The UA Census 2000 TIGER/Line files for every county were downloaded and converted to Arc/INFO coverages.</procdesc>
			</procstep>
			<procstep>
				<procdesc>Created region subclasses for 2000 census tracts, 1990 census tracts, water, 1990 county subdivisions, 1990 places, 1990 counties, 2000 5% PUMAs, 2000 counties, 2000 places, and 2000 county subdivisions.</procdesc>
			</procstep>
			<procstep>
				<procdesc>Added the following items to the coverage's polygon attribute table:

tract90 - 1990 census tract code
place90 - 1990 place code
cousub90 - 1990 county subdivision code
name - place or county subdivision name, depending on whether the county was in New England/Pennsylvania/New Jersey (county subdivision) or the rest of the country (place)
county00 - 2000 county code
county90 - 1990 county code
puma590 - 1990 5% PUMA code
puma580 - 1980 5% PUMA code
puma190 - 1990 1% PUMA code
puma180 - 1980 1% PUMA code
cg70 - 1970 county group code</procdesc>
			</procstep>
			<procstep>
				<procdesc>Calculated the values of the following items added to the polygon attribute table in the previous step:

tract90
cousub90
place90
name
county00
county90</procdesc>
			</procstep>
			<procstep>
				<procdesc>An AML cursor was opened on the Arc/INFO table containing the composition of the 1990 5% PUMAs - the cursor reselected all rows matching the FIPS code of the county being processed.</procdesc>
			</procstep>
			<procstep>
				<procdesc>The script then processed every row in the selected set in the following way:

1. If the MCD, place, and tract items were all null, all polygons in the county received the PUMA code for the row.

2. If the place item is the only non-null item, the place code was used to select polygons in the county. All polygons in the selected set were assigned the PUMA code for that row.

3. If the MCD item is the only non-null item, the MCD code was used to select polygons in the county.  All polygons in the selected set were assigned the PUMA code for that row.

4. If the MCD, place, and tract items are all not null, the MCD, place, and tract codes were used to select polygons in the county.  All polygons in the selected set were assigned the PUMA code for that row.</procdesc>
			</procstep>
			<procstep>
				<procdesc>The item STATEFIP was added to the 1990 5% PUMA region and populated with the correct state FIPS code.</procdesc>
			</procstep>
			<procstep>
				<procdesc>The items STATEFIP and PUMA590 were concatenated together to make the item PUMA. Then we dissolved the 5% PUMAs on the PUMA item to make a statewide region containing the 5% PUMAs.</procdesc>
			</procstep>
			<procstep>
				<procdesc>If the state bordered the Great Lakes, the Gulf of Mexico, the Atlantic Ocean, or the Pacific Ocean, all polygons extending into one of these water bodies were clipped at the coast. This step provided a more realistic looking coastline.</procdesc>
			</procstep>
			<procstep>
				<procdesc>All states were appended together to create a single nationwide coverage.  The dissolve function was used on the 1990 5% PUMA attribute to create the proper 1990 5% PUMAs for the entire country.</procdesc>
			</procstep>
			<procstep>
				<procdesc>The 1990 5% PUMAs were matched against data from the 1990 IPUMS database to determine whether any PUMAs were missing from the boundary file. Any missing PUMAs were created at this time.</procdesc>
			</procstep>
			<procstep>
				<procdesc>Dataset copied.</procdesc>
				<srcused>\\GX280-3P9G961\C\Temp\ipumsr.mdb</srcused>
			</procstep>
			<procstep><procdesc Sync="TRUE">Metadata imported.</procdesc><srcused Sync="TRUE">C:\WorkSpace\puma\us1990_5.xml</srcused><date Sync="TRUE">20070329</date><time Sync="TRUE">07492200</time></procstep><procstep><procdesc>Imported the nationwide 5% 1990 PUMA coverage to an ArcSDE feature class.</procdesc><procsv>ArcCatalog 9.0</procsv></procstep><procstep><procdesc>Created the topology feature class to check for holes and overlaps in the feature class. If there were any holes or overlaps, we edited them in ArcMap 9.0</procdesc><procsv>ArcCatalog 9.0 and ArcMap 9.0</procsv></procstep><procstep><procdesc Sync="TRUE">Dataset copied.</procdesc><srcused Sync="TRUE">Server=sdenhgis.socsci.umn.edu; Service=5152; Database=sdenhgis; User=popgis; Version=POPGIS.petra</srcused><date Sync="TRUE">20070329</date><time Sync="TRUE">09422000</time></procstep><procstep><procdesc Sync="TRUE">Dataset copied.</procdesc><srcused Sync="TRUE">C:\WorkSpace\puma\us1990_5</srcused><date Sync="TRUE">20070329</date><time Sync="TRUE">10192800</time></procstep></lineage>
	</dataqual>
	<spdoinfo>
		<direct Sync="TRUE">Vector</direct>
		<ptvctinf>
			<sdtsterm Name="POPGIS.us90_5_aea">
				<sdtstype Sync="TRUE">G-polygon</sdtstype>
				<ptvctcnt Sync="TRUE">1713</ptvctcnt>
			</sdtsterm>
			<esriterm Name="POPGIS.us90_5_aea"><efeatyp Sync="TRUE">Simple</efeatyp><efeageom Sync="TRUE">Polygon</efeageom><esritopo Sync="TRUE">TRUE</esritopo><efeacnt Sync="TRUE">1713</efeacnt><spindex Sync="TRUE">TRUE</spindex><linrefer Sync="TRUE">FALSE</linrefer><XYRank Sync="TRUE">1</XYRank><ZRank Sync="TRUE">1</ZRank><topoWeight Sync="TRUE">5.000000</topoWeight><validateEvents Sync="TRUE">FALSE</validateEvents><partTopoRules><topoRuleID Sync="TRUE">903</topoRuleID></partTopoRules><partTopoRules><topoRuleID Sync="TRUE">904</topoRuleID></partTopoRules></esriterm></ptvctinf>
	</spdoinfo>
	<spref>
		<horizsys>
			<planar>
				<planci>
					<plance Sync="TRUE">coordinate pair</plance>
					<coordrep>
						<absres Sync="TRUE">0.002996</absres>
						<ordres Sync="TRUE">0.002996</ordres>
					</coordrep>
					<plandu Sync="TRUE">meters</plandu>
				</planci>
				<mapproj><mapprojn Sync="TRUE">Albers Conical Equal Area</mapprojn><albers><stdparll Sync="TRUE">29.500000</stdparll><stdparll Sync="TRUE">45.500000</stdparll><longcm Sync="TRUE">-96.000000</longcm><latprjo Sync="TRUE">37.500000</latprjo><feast Sync="TRUE">0.000000</feast><fnorth Sync="TRUE">0.000000</fnorth></albers></mapproj></planar>
			<geodetic>
				<horizdn Sync="TRUE">North American Datum of 1983</horizdn>
				<ellips Sync="TRUE">Geodetic Reference System 80</ellips>
				<semiaxis Sync="TRUE">6378137.000000</semiaxis>
				<denflat Sync="TRUE">298.257222</denflat>
			</geodetic>
			<cordsysn><geogcsn Sync="TRUE">GCS_North_American_1983</geogcsn><projcsn Sync="TRUE">USA_Contiguous_Albers_Equal_Area_Conic</projcsn></cordsysn></horizsys>
		<vertdef>
			<altsys>
				<altres Sync="TRUE">1.000000</altres>
				<altenc Sync="TRUE">Explicit elevation coordinate included with horizontal coordinates</altenc>
			</altsys>
		</vertdef>
	</spref>
	<eainfo>
		<detailed Name="POPGIS.us90_5_aea">
			<enttyp>
				<enttypl Sync="TRUE">POPGIS.us90_5_aea</enttypl>
				<enttypt Sync="TRUE">Feature Class</enttypt><enttypc Sync="TRUE">1713</enttypc></enttyp>
			<attr>
				<attrlabl>OBJECTID</attrlabl>
				<attrdef>Internal feature number.</attrdef>
				<attrdefs>ESRI</attrdefs>
				<attrdomv>
					<udom>Sequential unique whole numbers that are automatically generated.</udom>
				</attrdomv>
			</attr>
			<attr>
				<attrlabl>SHAPE</attrlabl>
				<attrdef>Feature geometry.</attrdef>
				<attrdefs>ESRI</attrdefs>
				<attrdomv>
					<udom>Coordinates defining the features.</udom>
				</attrdomv>
			</attr>
			<attr>
				<attrlabl>STATEFIP</attrlabl>
				<attrdef>FIPS 6-4 code for states</attrdef>
				<attrdefs>National Institute of Standards and Technology</attrdefs>
			</attr>
			<attr>
				<attrlabl>GISMATCH</attrlabl>
				<attrdef>1% PUMA identification number used to match IPUMS data to the boundary file</attrdef>
				<attrdefs>Minnesota Population Center</attrdefs>
			</attr>
			<attr>
				<attrlabl>PUMA</attrlabl>
				<attrdef>Five-character identification value for 5% PUMAs</attrdef>
				<attrdefs>U.S. Census Bureau</attrdefs>
			</attr>
			<attr><attrlabl Sync="TRUE">CONSPUMA</attrlabl><attalias Sync="TRUE">CONSPUMA</attalias><attrtype Sync="TRUE">Integer</attrtype><attwidth Sync="TRUE">4</attwidth><atprecis Sync="TRUE">10</atprecis><attscale Sync="TRUE">0</attscale></attr><attr><attrlabl Sync="TRUE">CONSPUMAD</attrlabl><attalias Sync="TRUE">CONSPUMAD</attalias><attrtype Sync="TRUE">Double</attrtype><attwidth Sync="TRUE">8</attwidth><atprecis Sync="TRUE">38</atprecis><attscale Sync="TRUE">8</attscale></attr><attr>
				<attrlabl>SHAPE.AREA</attrlabl>
			</attr>
			<attr>
				<attrlabl>SHAPE.LEN</attrlabl>
			</attr>
		</detailed>
		<overview>
			<eaover>The three significant attributes of this dataset are:

STATEFIP - identifies the state that the PUMA belongs to
PUMA - the five-character identification number for the 5% 1990 PUMA
GISMATCH - is a concatenation of the STATEFIP and the PUMA

The PUMA attribute does not uniquely identify a single public use microdata area. STATEFIP must be concatenated to PUMA to uniquely identify areas.  GISMATCH is that concatenation.  Additionally, GISMATCH should be used to join IPUMS data to the boundary file for mapping or spatial analysis.</eaover>
		</overview>
	</eainfo>
	<distinfo>
		<resdesc>Downloadable Data</resdesc>
	</distinfo>
	<metainfo>
		<metd Sync="TRUE">20070329</metd>
		<metc>
			<cntinfo>
				<cntperp>
					<cntper>Trent Alexander</cntper>
					<cntorg>Minnesota Population Center</cntorg>
				</cntperp>
				<cntpos>Research Associate</cntpos>
				<cntaddr>
					<addrtype>mailing and physical address</addrtype>
					<address>50 Willey Hall</address>
					<address>225 19th Ave S</address>
					<city>Minneapolis</city>
					<state>MN</state>
					<postal>55455</postal>
				</cntaddr>
				<cntvoice>612-626-3927</cntvoice>
				<cntfax>612-626-8375</cntfax>
				<cntemail>jta@pop.umn.edu</cntemail>
			</cntinfo>
		</metc>
		<metstdn Sync="TRUE">FGDC Content Standards for Digital Geospatial Metadata</metstdn>
		<metstdv Sync="TRUE">FGDC-STD-001-1998</metstdv>
		<mettc Sync="TRUE">local time</mettc>
		<metextns>
			<onlink>http://www.esri.com/metadata/esriprof80.html</onlink>
			<metprof>ESRI Metadata Profile</metprof>
		</metextns>
		<metextns>
			<onlink>http://www.esri.com/metadata/esriprof80.html</onlink>
			<metprof>ESRI Metadata Profile</metprof>
		</metextns>
		<metextns>
			<onlink>http://www.esri.com/metadata/esriprof80.html</onlink>
			<metprof>ESRI Metadata Profile</metprof>
		</metextns>
		<langmeta Sync="TRUE">en</langmeta><metextns><onlink Sync="TRUE">http://www.esri.com/metadata/esriprof80.html</onlink><metprof Sync="TRUE">ESRI Metadata Profile</metprof></metextns></metainfo>
	<Esri><CreaDate>20070329</CreaDate><CreaTime>10192800</CreaTime><SyncOnce>FALSE</SyncOnce><SyncDate>20070329</SyncDate><SyncTime>08532700</SyncTime><ModDate>20070329</ModDate><ModTime>08533700</ModTime><MetaID>{02C16197-75F6-4991-966C-571FD64BA7A7}</MetaID></Esri><dataIdInfo><envirDesc Sync="TRUE">Microsoft Windows XP Version 5.1 (Build 2600) Service Pack 2; ESRI ArcCatalog 9.0.0.535</envirDesc><dataLang><languageCode Sync="TRUE" value="en"></languageCode></dataLang><idCitation><resTitle Sync="TRUE">POPGIS.us90_5_aea</resTitle><presForm><PresFormCd Sync="TRUE" value="005"></PresFormCd></presForm></idCitation><spatRpType><SpatRepTypCd Sync="TRUE" value="001"></SpatRepTypCd></spatRpType><dataExt><geoEle><GeoBndBox esriExtentType="native"><westBL Sync="TRUE">-2356113.74264</westBL><eastBL Sync="TRUE">2258224.809884</eastBL><northBL Sync="TRUE">1565781.659158</northBL><southBL Sync="TRUE">-1337508.084222</southBL><exTypeCode Sync="TRUE">1</exTypeCode></GeoBndBox></geoEle></dataExt><geoBox esriExtentType="decdegrees"><westBL Sync="TRUE">-127.887285</westBL><eastBL Sync="TRUE">-65.345793</eastBL><northBL Sync="TRUE">51.604785</northBL><southBL Sync="TRUE">22.871934</southBL><exTypeCode Sync="TRUE">1</exTypeCode></geoBox></dataIdInfo><mdLang><languageCode Sync="TRUE" value="en"></languageCode></mdLang><mdStanName Sync="TRUE">ISO 19115 Geographic Information - Metadata</mdStanName><mdStanVer Sync="TRUE">DIS_ESRI1.0</mdStanVer><mdChar><CharSetCd Sync="TRUE" value="004"></CharSetCd></mdChar><mdHrLv><ScopeCd Sync="TRUE" value="005"></ScopeCd></mdHrLv><mdHrLvName Sync="TRUE">dataset</mdHrLvName><distInfo><distributor><distorTran><onLineSrc><orDesc Sync="TRUE">002</orDesc><linkage Sync="TRUE">file://\\trickster.socsci.umn.edu\popgis\labpcs\ipums\shapefiles_04022007\us1990_5</linkage><protocol Sync="TRUE">Local Area Network</protocol></onLineSrc></distorTran><distorFormat><formatName Sync="TRUE">SDE Feature Class</formatName></distorFormat></distributor></distInfo><refSysInfo><RefSystem><refSysID><identCode Sync="TRUE">USA_Contiguous_Albers_Equal_Area_Conic</identCode></refSysID></RefSystem></refSysInfo><spatRepInfo><VectSpatRep><topLvl><TopoLevCd Sync="TRUE" value="001"></TopoLevCd></topLvl><geometObjs Name="POPGIS.us90_5_aea"><geoObjTyp><GeoObjTypCd Sync="TRUE" value="001"></GeoObjTypCd></geoObjTyp><geoObjCnt Sync="TRUE">1713</geoObjCnt></geometObjs></VectSpatRep></spatRepInfo><mdDateSt Sync="TRUE">20070329</mdDateSt></metadata>
